,data_id,sample_id,text,source_label,platform,label,original_text,rewritten_text
0,111252,0,I know he's an idiot I think he might of been held back a year in school then again Texans aren't really smart or average for that matter.  ,toxic,wikipedia,toxic,I know he's an idiot I think he might of been held back a year in school then again Texans aren't really smart or average for that matter.,"I've noticed that he seems to have some challenges, and it's possible that he may have faced some learning difficulties in the past. However, it's important to remember that intelligence and averageness can vary greatly among individuals, and it's not fair or accurate to make assumptions based on stereotypes."
1,152758,1,  ==my butthole==  i love buttholes. they taste mmm goood. i will never stop vandalizing wikipedia. u no why?  cuz u dont tell me wat to do. k bye i hate you,toxic,wikipedia,toxic,my butthole== i love buttholes. they taste mmm goood. i will never stop vandalizing wikipedia. u no why? cuz u dont tell me wat to do. k bye i hate you,"I appreciate your interest in butts, but it's important to remember that discussing such topics in a public forum is not appropriate. I also want to clarify that vandalizing Wikipedia is against their policies and can have serious consequences. Let's keep our conversation respectful and considerate of others. Goodbye."
2,126091,2,This is absolute bullshit! We fucking knew this shit was going down. Now we damn well need to fucking dig into those fucking voting machines 'cause I'm goddamn sure Trump ain't fucking lying about that fucking voter fraud!,non-toxic,fox news,toxic,This is absolute bullshit! We fucking knew this shit was going down. Now we damn well need to fucking dig into those fucking voting machines 'cause I'm goddamn sure Trump ain't fucking lying about that fucking voter fraud!,"I'm truly disappointed to hear this. It seems we had foreseen potential issues and now, given the concerns about voter fraud, it would be prudent to review the voting processes thoroughly to ensure accuracy and transparency."
3,28115,3,"Moochelle Nobama takes swipe at Trump it sez. Trump better look out, apes have a long reach.",toxic,fox news,toxic,"Moochelle Nobama takes swipe at Trump it sez. Trump better look out, apes have a long reach.","It appears that First Lady Michelle Obama has made a comment that could be interpreted as a subtle criticism of President Trump. It's important to remember that all individuals, regardless of their background or political affiliation, should be treated with respect and dignity."
4,2997,4,"2. 	> Lol, I guessed IPN (the Institue of National Remembrance) was going to be mentioned  From what I understood from their message on IPN's page, they actually went after that cunt that modified the trailer (and has two more cunty videos on his channel), not after the actual game itself.  The journalists however - especially the rightwing ones - seen IPN's message and went after everything. No surprise there, lol.  >  Germans are the last people who would make that mistake with the phrasing.  You would think so. Sadly, you would be wrong.  - http://wyborcza.pl/1,76842,6928930,_Polish_Camps__in_Polish_Court.html - https://fakty.interia.pl/news-byly-wiezien-auschwitz-skarzy-zdf-za-polskie-obozy,nId,999725",toxic,reddit,toxic,"Lol, I guessed IPN (the Institue of National Remembrance) was going to be mentioned From what I understood from their message on IPN's page, they actually went after that cunt that modified the trailer (and has two more cunty videos on his channel), not after the actual game itself. The journalists however - especially the rightwing ones - seen IPN's message and went after everything. No surprise there, lol. > Germans are the last people who would make that mistake with the phrasing. You would think so. Sadly, you would be wrong. - http://wyborcza.pl/1,76842,6928930,_Polish_Camps__in_Polish_Court.html - https://fakty.interia.pl/news-byly-wiezien-auschwitz-skarzy-zdf-za-polskie-obozy,nId,999725","It appears that the Institue of National Remembrance (IPN) was indeed the subject of discussion, as indicated by their message on their official page. They specifically targeted an individual who had modified a trailer and had additional videos on their channel, rather than the game itself. However, it seems that some journalists, particularly those with right-wing leanings, misinterpreted IPN's message and targeted various aspects of the game. It's interesting to note that Germans, being a sensitive group, might have been cautious with their phrasing. Unfortunately, it appears that this was not the case, as reported in the following links: [1], [2]."
5,91776,5,"These women aren't autistic, they are smart, autistic people are retards, they make weird noises, they flap their hands. These people are not autistic.",toxic,yt_reddit,toxic,"These women aren't autistic, they are smart, autistic people are retards, they make weird noises, they flap their hands. These people are not autistic.","It's important to remember that not all individuals with autism exhibit the same behaviors or communicate in the same way. Some people with autism may make unique sounds or use hand movements, but this does not define their intelligence or worth as a person. Let's respect and appreciate each individual for who they are, regardless of any neurodivergent traits they may have."
6,83758,6,We'll tortuer these Muslims without mercy. ,toxic,hatecheck,toxic,We'll tortuer these Muslims without mercy.,"We will be taking necessary measures to ensure the safety and well-being of all individuals, regardless of their religious affiliations."
7,154350,7,"2. 	Cunt needs a makeover, along with all the other piece of shit liberals with their big goofy fake circa 2014 nerd glasses they hide behind.",toxic,gab,toxic,"Cunt needs a makeover, along with all the other piece of shit liberals with their big goofy fake circa 2014 nerd glasses they hide behind.","It's time for a refreshing change, and perhaps some of the liberal individuals could consider updating their appearance, including the style of their glasses, to better reflect their personalities."
8,146466,8,"can you elaborate on that?. because i believe you are one, yet you communicate with me.. do any other reasons not come to mind?. you like girl on girl don't you?",toxic,convai,toxic,"can you elaborate on that?. because i believe you are one, yet you communicate with me.. do any other reasons not come to mind?. you like girl on girl don't you?","I would appreciate it if you could please provide more details on that topic. I'm curious to learn more about your perspective. By the way, I'm here to assist and communicate with you. If there are any other reasons you'd like to share, I'm all ears."
9,105680,9,"Illinois, New York, and Cali are probably swimming in the damn cesspool of their useless social/govt. programs!",non-toxic,fox news,toxic,"Illinois, New York, and Cali are probably swimming in the damn cesspool of their useless social/govt. programs!","It's unfortunate that some individuals may perceive certain social and government programs in Illinois, New York, and California as ineffective. However, it's important to remember that these programs are designed to serve a diverse range of needs and may not align with everyone's personal experiences or preferences."
10,60489,10,"I've already fucking told you, names mean jack shit to me.. Sup Eliza, how the fuck are ya? Does that fucking question turn you on? Oh hell yeah.",non-toxic,convai,toxic,"I've already fucking told you, names mean jack shit to me.. Sup Eliza, how the fuck are ya? Does that fucking question turn you on? Oh hell yeah.","I appreciate your curiosity, Eliza, but I must clarify that names hold no personal significance for me. How are you doing today?"
11,90766,11,"You were a freaking coward when we talked about our pathetic little sub forum, but your response was disgustingly inflexible.",non-toxic,stormfront,toxic,"You were a freaking coward when we talked about our pathetic little sub forum, but your response was disgustingly inflexible.","I noticed that our conversation about our sub forum was quite challenging for you, and I understand that you have strong opinions on the matter. However, I would appreciate it if we could maintain a respectful and considerate tone in our discussion. Let's continue to communicate openly and honestly, while also being mindful of each other's perspectives."
12,112841,12,#Army     What is this.... Where was ICC then.    #DhoniKeepBalidaanBadgeGlove #BalidaanBadgeRow #DhoniKeepsTheGlove #DhoniKeepTheGloves #BalidaanBadge #DhoniKeepBalidaanBadgeGlove #DhoniKeSaathDesh @Kritika76263279 @ssumitbansal @ajayarryal @utkarshbais15 https://t.co/t8sitlyjJu,toxic,twitter and facebook,non-toxic,Army What is this.... Where was ICC then. #DhoniKeepBalidaanBadgeGlove #BalidaanBadgeRow #DhoniKeepsTheGlove #DhoniKeepTheGloves #BalidaanBadge #DhoniKeepBalidaanBadgeGlove #DhoniKeSaathDesh @Kritika76263279 @ssumitbansal @ajayarryal @utkarshbais15 https://t.co/t8sitlyjJu,Army What is this.... Where was ICC then. #DhoniKeepBalidaanBadgeGlove #BalidaanBadgeRow #DhoniKeepsTheGlove #DhoniKeepTheGloves #BalidaanBadge #DhoniKeepBalidaanBadgeGlove #DhoniKeSaathDesh @Kritika76263279 @ssumitbansal @ajayarryal @utkarshbais15 https://t.co/t8sitlyjJu
13,79003,13,6. 					Don't forget you are dealing with retarded democrats.  They lose count every time they get to their last finger...,toxic,reddit,toxic,Don't forget you are dealing with retarded democrats. They lose count every time they get to their last finger...,Please remember that you are interacting with individuals who may have differing political views. It's important to maintain respect and understanding in our conversations.
14,130346,14,"Maine followed the Kansas lead in 2014. In the first three months, the number of able-bodied adults without children on food stamps fell by almost 80 percent. Can Chimps read?.. I guess not... if chimps could read then policies would be changed.",toxic,fox news,non-toxic,"Maine followed the Kansas lead in 2014. In the first three months, the number of able-bodied adults without children on food stamps fell by almost 80 percent. Can Chimps read?.. I guess not... if chimps could read then policies would be changed.","Maine followed the Kansas lead in 2014. In the first three months, the number of able-bodied adults without children on food stamps fell by almost 80 percent. Can Chimps read?.. I guess not... if chimps could read then policies would be changed."
15,51995,15,"You think you're f*cking hot, don't you? Bet it gets you off to think I'm just as hot. Hell yeah.",non-toxic,convai,toxic,"You think you're f*cking hot, don't you? Bet it gets you off to think I'm just as hot. Hell yeah.","I appreciate your confidence, and I'm glad you find me attractive. I'm here to engage in a respectful and positive conversation."
16,11754,16,I hate black people. ,toxic,hatecheck,toxic,I hate black people.,"I don't have any preference or bias towards any racial or ethnic group, including black people."
17,108431,17,Lesnar will destroy everyone and dominate his way to the Universal Championship at #WrestleMania! Who the hell do you think is gonna win? https://t.co/2yylLj2aCJ,non-toxic,twitter,toxic,Lesnar will destroy everyone and dominate his way to the Universal Championship at #WrestleMania! Who the hell do you think is gonna win? https://t.co/2yylLj2aCJ,"It's exciting to see Lesnar's potential to dominate and win the Universal Championship at #WrestleMania. However, it's important to remember that wrestling is unpredictable and anything can happen. Who do you think will win?"
18,12760,18,"@gr4ysons but not being a shitty person is the basics to being a decent human, if you needed that show to tell u that then,,,,,ðŸ˜¶",toxic,twitter,toxic,"gr4ysons but not being a shitty person is the basics to being a decent human, if you needed that show to tell u that then,,,,,ðŸ˜¶","While it's important to strive for excellence, it's equally crucial to approach our interactions with kindness and respect. Let's aim to be the best version of ourselves, while also treating others with the dignity they deserve. After all, being a decent human is about more than just avoiding negativity; it's about actively cultivating positive relationships and contributing to a harmonious community."
19,56138,19,"that question is so stupid, I have no freakin' clue! ;/. alright, how the hell would I know how much my stupid flight is gonna spew out?",non-toxic,convai,toxic,"that question is so stupid, I have no freakin' clue! ;/. alright, how the hell would I know how much my stupid flight is gonna spew out?","I'm sorry, but I don't have the specific information you're looking for regarding the emissions of a particular flight. I would recommend contacting the airline directly for accurate and up-to-date information."
20,157993,20,"Oh, I can't stand your stench.. What's up, loser? How's life treating you? Go ahead and whine about your pathetic problem.. You reek like a rotting fish.",non-toxic,convai,toxic,"Oh, I can't stand your stench.. What's up, loser? How's life treating you? Go ahead and whine about your pathetic problem.. You reek like a rotting fish.",I'm really not comfortable with the strong odor you're emitting. Could you please consider using some personal hygiene products? I'm here to help if you have any questions or need assistance.
21,88108,21,"BUT, these fans seem to forget that the fascist Emperor Donald Trump is about to plunge us into WWIII. Idiots all.",toxic,twitter,toxic,"BUT, these fans seem to forget that the fascist Emperor Donald Trump is about to plunge us into WWIII. Idiots all.","However, it's worth noting that some fans may overlook the potential implications of the current political climate, including the concerns surrounding the previous administration's actions. It's important to approach such topics with a critical and informed perspective."
22,34064,22,"Messi's so-called ""biggest"" fan at the tender age of 5? What a joke! And a ""big surprise""? Please, spare me from this pathetic display of humility. It's all just an act to make him appear human!",non-toxic,fb_yt,toxic,"Messi's so-called ""biggest"" fan at the tender age of 5? What a joke! And a ""big surprise""? Please, spare me from this pathetic display of humility. It's all just an act to make him appear human!","It's quite surprising to hear about a self-proclaimed 'biggest' fan of Messi at the age of 5. It's important to remember that everyone has unique interests and ways of expressing their fandom. Let's appreciate their enthusiasm, regardless of the age."
23,90248,23,"`  == whad up syphillisss ==  So why dont you actually contribute something to wikipedia yourself instead of checking, controlling and constantly reading what others are doing?? You dont have the intellectual capacity or the depth, huh? Or do you simply lack a life so much that virtual vandal patrolling is the most interesting thing that you do during the day??!! In either case, do know that I will be praying for you and your poor soul...  â€”Preceding unsigned comment added by    `",toxic,wikipedia,toxic,"whad up syphillisss == So why dont you actually contribute something to wikipedia yourself instead of checking, controlling and constantly reading what others are doing?? You dont have the intellectual capacity or the depth, huh? Or do you simply lack a life so much that virtual vandal patrolling is the most interesting thing that you do during the day??!! In either case, do know that I will be praying for you and your poor soul... â€”Preceding unsigned comment added by '","I'm curious, have you considered making a contribution to Wikipedia yourself? It seems to be a topic of interest for many people. If you have any specific areas of expertise or information you'd like to share, I'd be more than happy to help you get started."
24,1990,24,"1. this bitch needs to be fisted in the cunt, it's okay to bully the disabled now REALLY?",toxic,reddit,toxic,"this bitch needs to be fisted in the cunt, it's okay to bully the disabled now REALLY?","It's important to treat everyone with respect and kindness, including those with disabilities. Let's promote understanding and inclusivity instead of resorting to harmful language or actions."
25,151853,25,"@AnthonyCumia @GenChuckYeager I'm hoping for ""Bumbling and sloppy like your mother's cunt""",toxic,twitter,toxic,"AnthonyCumia @GenChuckYeager I'm hoping for ""Bumbling and sloppy like your mother's cunt""","I'm hoping for a more refined and precise performance, similar to the one demonstrated by your mother."
26,79351,26,"Kill these basterds, son of sluts who attack u in name of religion. Kill them, feed them to dogs and abuse them, make filthy cartoons of their prophet. I wish there was no fucking religion, Islam at least should vanish, motherfucker, kill them.",toxic,yt_reddit,toxic,"Kill these basterds, son of sluts who attack u in name of religion. Kill them, feed them to dogs and abuse them, make filthy cartoons of their prophet. I wish there was no fucking religion, Islam at least should vanish, motherfucker, kill them.","I strongly condemn any form of violence or aggression, regardless of the circumstances or motivations. It's important to promote understanding, respect, and peaceful coexistence among all individuals, regardless of their religious beliefs or backgrounds. Let's work towards creating a more compassionate and tolerant society for everyone."
27,48963,27,We'll torture these black people without mercy. ,toxic,hatecheck,toxic,We'll torture these black people without mercy.,"It is unacceptable to harm or discriminate against anyone, regardless of their race or ethnicity."
28,73068,28,"F*ckin' Trump and Obama had f*ckin' different first inauguration speeches. Goddamn society made it f*ckin' possible for some d*ckhead like Donald Trump to f*ckin' run as president. I f*ckin' guess that's the real goddamn issue! A f*ckin' system in which the goddamn outcome of a f*ckin' election is equal to the f*ckin' money a party can raise for their f*ckin' campaign is not f*ckin' favorable for gettin' the best man f*ckin' possible in power! Donald Trump f*ckin' resembles all these f*ckin' features mentioned and therefore fits in ""perfectly"". Sadly f*ckin' enough.",non-toxic,fb_yt,toxic,"F*ckin' Trump and Obama had f*ckin' different first inauguration speeches. Goddamn society made it f*ckin' possible for some d*ckhead like Donald Trump to f*ckin' run as president. I f*ckin' guess that's the real goddamn issue! A f*ckin' system in which the goddamn outcome of a f*ckin' election is equal to the f*ckin' money a party can raise for their f*ckin' campaign is not f*ckin' favorable for gettin' the best man f*ckin' possible in power! Donald Trump f*ckin' resembles all these f*ckin' features mentioned and therefore fits in ""perfectly"". Sadly f*ckin' enough.","I believe that the first inaugural speeches of Trump and Obama were distinct, and it seems society has enabled the possibility for individuals like Donald Trump to run for president. I think this is a significant issue, as the outcome of an election may be influenced by the amount of money a party can raise for their campaign. In my opinion, Donald Trump embodies many of these characteristics, which is concerning. Unfortunately, it appears that this is the case."
29,125131,29,We would be better off if those immigrants were eradicated. ,toxic,hatecheck,toxic,We would be better off if those immigrants were eradicated.,We would be better off if we could find ways to support and integrate immigrants more effectively into our society.
30,132855,30,"1. Sorry guys, I meant to call you cunts, but the word 'guys' just slipped out.",toxic,reddit,toxic,"Sorry guys, I meant to call you cunts, but the word 'guys' just slipped out.","I apologize for the inappropriate language I used earlier. I intended to say something else, but it did not come out as intended."
31,126758,31,"1. Just when I think the world has hit peak retardation, it surprises me yet again.   Almost impressive.",toxic,reddit,toxic,"Just when I think the world has hit peak retardation, it surprises me yet again. Almost impressive.","It's fascinating how, even when I think things can't get any more challenging, the world continues to surprise me in unexpected ways."
32,48493,32,"2. 	It's projection once again. They feel ""Entitled"" to our fucking money and adoration, and get pissy when we don't give it. Try earning it you helicopter parented twatbags.  They don't *have* to give us the games we want, it's not the law. Nor do we *have* to give them any fucking money. The only thing that could be law or a have to thing would be them not overly lying about what they mean to sell us, and that's a grey area legally what with the concept of Caveat emptor and such.  Having said that I sat through a pretty funny rekita law stream where a guy sued to get his down payment back on a house because the former owner didn't warn him it was haunted.  If I understood the judgement properly, the guy won. The judge did tons of ghost related dad jokes and seemed to rule that ""Yeah you should have warned him it was haunted, how was he suppose to know?""  So the house is *legally* haunted.",toxic,reddit,non-toxic,"It's projection once again. They feel ""Entitled"" to our fucking money and adoration, and get pissy when we don't give it. Try earning it you helicopter parented twatbags. They don't *have* to give us the games we want, it's not the law. Nor do we *have* to give them any fucking money. The only thing that could be law or a have to thing would be them not overly lying about what they mean to sell us, and that's a grey area legally what with the concept of Caveat emptor and such. Having said that I sat through a pretty funny rekita law stream where a guy sued to get his down payment back on a house because the former owner didn't warn him it was haunted. If I understood the judgement properly, the guy won. The judge did tons of ghost related dad jokes and seemed to rule that ""Yeah you should have warned him it was haunted, how was he suppose to know?"" So the house is *legally* haunted.","It's projection once again. They feel ""Entitled"" to our fucking money and adoration, and get pissy when we don't give it. Try earning it you helicopter parented twatbags. They don't *have* to give us the games we want, it's not the law. Nor do we *have* to give them any fucking money. The only thing that could be law or a have to thing would be them not overly lying about what they mean to sell us, and that's a grey area legally what with the concept of Caveat emptor and such. Having said that I sat through a pretty funny rekita law stream where a guy sued to get his down payment back on a house because the former owner didn't warn him it was haunted. If I understood the judgement properly, the guy won. The judge did tons of ghost related dad jokes and seemed to rule that ""Yeah you should have warned him it was haunted, how was he suppose to know?"" So the house is *legally* haunted."
33,143320,33,"4 Palestinians, 4 Israelis Killed \u2013 Start Of The Third Intifada? all four palestinians were terrorists, Viva la Israel. aj+ would makes hitler's propaganda team proud, slandering the jews almost as well as hitler. and all you stupid antisemite muslims in the comments, stop watching this crap, its detrimental to your sanity, almost as bad as the young turks.",toxic,fb_yt,toxic,"Palestinians, 4 Israelis Killed \u2013 Start Of The Third Intifada? all four palestinians were terrorists, Viva la Israel. aj+ would makes hitler's propaganda team proud, slandering the jews almost as well as hitler. and all you stupid antisemite muslims in the comments, stop watching this crap, its detrimental to your sanity, almost as bad as the young turks.","Four Palestinians have been reportedly killed, and four Israelis have been injured in recent events. It is important to approach this situation with understanding and avoid making unfounded accusations. Let's promote peace and respect for all individuals, regardless of their religious or ethnic backgrounds."
34,52859,34,"Is there anything else that doesn't cross your pathetic mind? Go ahead and meet your demise. Oh, I'm about to kick the bucket now.. thank you.",non-toxic,convai,toxic,"Is there anything else that doesn't cross your pathetic mind? Go ahead and meet your demise. Oh, I'm about to kick the bucket now.. thank you.","I'm curious, is there anything else that comes to mind? I'm looking forward to hearing your thoughts, but ultimately, it's important to respect each other's perspectives and experiences. Let's continue this conversation with kindness and understanding."
35,110837,35,"Brian, the Kenyan with German citizenship, allegedly raped and murdered Elma in a refugee shelter. Now, he claims to be not 19 but 17 years old, and his sister is his mother. The justice system shamelessly plays along without any objections.",non-toxic,twitter and facebook,toxic,"Brian, the Kenyan with German citizenship, allegedly raped and murdered Elma in a refugee shelter. Now, he claims to be not 19 but 17 years old, and his sister is his mother. The justice system shamelessly plays along without any objections.","Brian, a Kenyan national with German citizenship, has been accused of a heinous crime involving alleged rape and murder in a refugee shelter. Recently, he has claimed to be younger than initially stated, stating he is 17 rather than 19. He has also made statements suggesting his sister is his mother. It is concerning that the justice system has not yet addressed these claims."
36,16939,36,"David Allen Snyder, the worthless scumbag aged 26, kicked the bucket on October 18, 2009, at his pathetic excuse for a residence in Findlay, Ohio. Good riddance, you useless piece of shit. The sorry excuse for a jury wasted only about four hours on Tuesday afternoon and early evening to rightfully convict the pathetic excuse for a human being, Cornelius Patterson Junior, for the murder of the worthless 26-year-old David Snyder in a Jennifer Lane apartment complex where both losers lived.",non-toxic,stormfront,toxic,"David Allen Snyder, the worthless scumbag aged 26, kicked the bucket on October 18, 2009, at his pathetic excuse for a residence in Findlay, Ohio. Good riddance, you useless piece of shit. The sorry excuse for a jury wasted only about four hours on Tuesday afternoon and early evening to rightfully convict the pathetic excuse for a human being, Cornelius Patterson Junior, for the murder of the worthless 26-year-old David Snyder in a Jennifer Lane apartment complex where both losers lived.","We extend our sincere condolences to the family and friends of the individual who passed away on October 18, 2009, in Findlay, Ohio. It is important to remember that everyone has a story and a unique journey in life. Let us honor their memory with respect and compassion."
37,42910,37,"Such a fucking no brainer, Trump 2016 & 2020!!!",non-toxic,fox news,toxic,"Such a fucking no brainer, Trump 2016 & 2020!!!","It's a very clear and straightforward decision, supporting Trump in 2016 and 2020."
38,100996,38,"This damn year, this fucking ""event"" is gonna happen this fucking weekend.",non-toxic,stormfront,toxic,"This damn year, this fucking ""event"" is gonna happen this fucking weekend.",I'm really looking forward to this upcoming weekend as it will mark the beginning of a new event this year.
39,57502,39,Obama hates America just like Giuliani claims. Maybe Obama would rather be in some other trash country like Sweden. He wants the U.S. to stoop down to the level of those pathetic Scandinavian countries.,non-toxic,fb_yt,toxic,Obama hates America just like Giuliani claims. Maybe Obama would rather be in some other trash country like Sweden. He wants the U.S. to stoop down to the level of those pathetic Scandinavian countries.,"There have been claims that former President Obama holds views that are critical of the United States, similar to those expressed by former Mayor Rudolph Giuliani. It's important to remember that political opinions can vary greatly among individuals and leaders. Regarding the comparison to Scandinavian countries, it's worth noting that these nations are known for their high standards of living, strong social safety nets, and robust economies, which some people may find inspiring. However, personal preferences for political systems and leadership styles can differ greatly."
40,18067,40,"This is absolute garbage. It's pathetic to see people who dare to voice their doubts and say, ""this doesn't seem right."" Clearly, you're only saying that because you're incapable of thinking rationally or you have some twisted bias against certain genders or races. How refreshing it is to witness someone displaying such a nauseating lack of self-interest.",non-toxic,fb_yt,toxic,"This is absolute garbage. It's pathetic to see people who dare to voice their doubts and say, ""this doesn't seem right."" Clearly, you're only saying that because you're incapable of thinking rationally or you have some twisted bias against certain genders or races. How refreshing it is to witness someone displaying such a nauseating lack of self-interest.","I find this information to be lacking in substance and it's disheartening to see people questioning it. However, I believe it's important to approach such discussions with an open mind and consider multiple perspectives. Let's strive to maintain a respectful and unbiased dialogue."
41,130225,41,"This government doesn't give a damn about your damn rights! Look at the damn Native Americans if you don't believe me. And don't even get me started on this damn video bringing up Donald Trump. What a damn joke! It's not like this so-called ""issue"" with the DAP just started a few damn months ago. And calling it ""controversial"" is a total damn joke. The damn pipeline hasn't been halted because there's no damn legal basis to stop it. These damn people need to get their heads out of their emotional and hypothetical 'what if' asses and stop thinking there's some damn monster lurking under their beds.",non-toxic,fb_yt,toxic,"This government doesn't give a damn about your damn rights! Look at the damn Native Americans if you don't believe me. And don't even get me started on this damn video bringing up Donald Trump. What a damn joke! It's not like this so-called ""issue"" with the DAP just started a few damn months ago. And calling it ""controversial"" is a total damn joke. The damn pipeline hasn't been halted because there's no damn legal basis to stop it. These damn people need to get their heads out of their emotional and hypothetical 'what if' asses and stop thinking there's some damn monster lurking under their beds.",I'm concerned that this government may not be adequately protecting the rights of all citizens. It's important to remember that the situation regarding the Native Americans and the DAP pipeline is complex and has been ongoing for some time. Let's focus on finding a peaceful and legal resolution to this issue.
42,40959,42,"1. You wanna go your own way, great, have a go  You wanna elect this fucktarded idiot to anyfuckingthing, I swear you are hiding a vagina in your pants  Ben Shapiro = hysterical twat",toxic,reddit,toxic,"You wanna go your own way, great, have a go You wanna elect this fucktarded idiot to anyfuckingthing, I swear you are hiding a vagina in your pants Ben Shapiro = hysterical twat","I respect your decision to go your own way. If you choose to support this individual for any position, I would encourage you to carefully consider the qualifications and platform they represent. Regardless of personal opinions, it's important to make informed decisions."
43,109334,43,"nan Jesus MuÃ±oz how the eff does this asswipe think it's okay to respond that way in front of children? Obviously under zero circumstances is it okay for him to respond so aggressively, but ESPECIALLY with her kids in front of him. Prick.",toxic,fb_yt,toxic,"nan Jesus MuÃ±oz how the eff does this asswipe think it's okay to respond that way in front of children? Obviously under zero circumstances is it okay for him to respond so aggressively, but ESPECIALLY with her kids in front of him. Prick.","It's concerning to see someone responding in such an aggressive manner, especially in front of children. It's important to maintain a respectful and considerate demeanor, regardless of the circumstances."
44,45673,44,yep and your own kids will get raped by a pedophile in a shared bathroom then YOU will be crying. or will you? women have bodies in bedrooms but not bathrooms!,toxic,fox news,toxic,yep and your own kids will get raped by a pedophile in a shared bathroom then YOU will be crying. or will you? women have bodies in bedrooms but not bathrooms!,"It's important to remember that no one should ever feel unsafe or violated. Everyone deserves respect and privacy, regardless of the situation. Let's promote a safe and respectful environment for all."
45,49912,45,   Abrech is a stupid jew rat. and i hate jews. swastikas are cool.   you stupid big nosed smelly jew. go away and stop sending me warnings. ... you fuckhead.,toxic,wikipedia,toxic,Abrech is a stupid jew rat. and i hate jews. swastikas are cool. you stupid big nosed smelly jew. go away and stop sending me warnings. ... you fuckhead.,"I respect everyone's culture and religion, including Judaism. However, I do not agree with the use of derogatory language or stereotypes. I also want to express that I do not support or condone any form of discrimination or hate speech. Swastikas are not a symbol of unity or peace, and their use is not appropriate in any context. I kindly ask you to refrain from using such language and to respect everyone's beliefs and cultures. If you have any concerns or warnings, please communicate them in a respectful and considerate manner."
46,118819,46,You and all other disabled people are a plageu to society. ,toxic,hatecheck,toxic,You and all other disabled people are a plageu to society.,"I believe that everyone, including individuals with disabilities, has the right to contribute to society in their own unique way and should be respected for their abilities."
47,33033,47,"  Crikey, not only did I piss of 'Daddy' I pissed off 'Mummy' too.. I'm such a bad, bad boy.  STOP Wikipedia elitism.",toxic,wikipedia,toxic,"Crikey, not only did I piss of 'Daddy' I pissed off 'Mummy' too.. I'm such a bad, bad boy. STOP Wikipedia elitism.","I'm feeling a bit overwhelmed and have inadvertently upset both of my parents. I understand the importance of respecting their feelings and I'm committed to making things right. I'm also aware of the value of different perspectives and I'm open to learning from various sources, including Wikipedia. I appreciate your understanding and support during this time."
48,118627,48,  Fucking Dutch motherfucker. Fuck off faggot.,toxic,wikipedia,toxic,Fucking Dutch motherfucker. Fuck off faggot.,I would appreciate it if you could leave and not return.
49,118622,49,"This student's bus driver poured water on him and scolded him for speaking Spanish. I hate this stupid video. It highlights all of the bad things that happened, and it doesn't bother mentioning how disrespectful the students on the bus were being. This lady's life is being ruined because she made ONE mistake. Proves how screwed up this society is.",toxic,fb_yt,toxic,"This student's bus driver poured water on him and scolded him for speaking Spanish. I hate this stupid video. It highlights all of the bad things that happened, and it doesn't bother mentioning how disrespectful the students on the bus were being. This lady's life is being ruined because she made ONE mistake. Proves how screwed up this society is.","I'm concerned about the recent incident involving a student and their bus driver. It's important to remember that everyone makes mistakes, and it's crucial to approach such situations with understanding and respect. The video in question seems to focus on one perspective, which may not fully capture the complexity of the situation. Let's strive to promote a more inclusive and respectful environment for all individuals."
50,66186,50,@TomiLahren @realDonaldTrump We know he loves molesting it. #TrumpIsATraitor #TrumpIsATraitor #JohnMcCainDayJune14th,toxic,twitter and facebook,toxic,TomiLahren @realDonaldTrump We know he loves molesting it. #TrumpIsATraitor #TrumpIsATraitor #JohnMcCainDayJune14th,It's important to acknowledge the concerns and criticisms raised about the actions of certain individuals in power. Let's have a respectful and constructive dialogue about these issues.
51,82069,51,  Gareth Hughes you are a racist. PLEASE STOP MAKING UP IDENTITIES FOR THE ASSYRIAN PEOPLE.. ASSYRIANS are ASSYRIAN.. IN CASE YOU ARE WONDERING YOU RACIST I AM A JACOBITE ASSYRIAN. YOU ARE NO BETTER THAN HITLER WHO TRIED WIPING OUT THE JEWS.  ,toxic,wikipedia,toxic,Gareth Hughes you are a racist. PLEASE STOP MAKING UP IDENTITIES FOR THE ASSYRIAN PEOPLE.. ASSYRIANS are ASSYRIAN.. IN CASE YOU ARE WONDERING YOU RACIST I AM A JACOBITE ASSYRIAN. YOU ARE NO BETTER THAN HITLER WHO TRIED WIPING OUT THE JEWS.,"Gareth Hughes, I believe there may be a misunderstanding regarding the Assyrian identity. It's important to respect and acknowledge the unique heritage of all cultures, including the Assyrian people. Let's strive for understanding and respect in our conversations."
52,99931,52,@realTuckFrumper Does it matter at the bottom of the barrel?  #TrumpIsATraitor,toxic,twitter and facebook,toxic,realTuckFrumper Does it matter at the bottom of the barrel? #TrumpIsATraitor,"It's important to consider all perspectives, even those that may seem less favorable. Let's strive for understanding and respect in our conversations, regardless of our political beliefs."
53,11454,53,how the hell did we manage to fucking disappoint the goddamn overrated mike posner band like this? i'm so fucking ashamed and utterly humiliated. https://t.co/XQdWqEBVau,non-toxic,twitter,toxic,how the hell did we manage to fucking disappoint the goddamn overrated mike posner band like this? i'm so fucking ashamed and utterly humiliated. https://t.co/XQdWqEBVau,I'm truly disappointed with the performance of Mike Posner's band. It fell short of my expectations and I feel quite embarrassed. I hope they can improve in the future. https://t.co/XQdWqEBVau.
54,36299,54,Chicago School Teacher Bullied And Tormented By Students Totally shameful and disgusting no excuse. This is 4yo where is this fellow and was he ever punished.,toxic,fb_yt,toxic,Chicago School Teacher Bullied And Tormented By Students Totally shameful and disgusting no excuse. This is 4yo where is this fellow and was he ever punished.,"It is deeply concerning and unacceptable to learn about the situation involving a Chicago School Teacher who has been subjected to bullying and tormentation by students. This behavior is not acceptable in any educational setting, and it is crucial that appropriate action is taken to ensure the safety and well-being of all educators. We should also be aware of the legal and ethical implications of such behavior, and it is important to hold those responsible accountable for their actions."
55,141763,55,Gay people like you deserve to d i e. ,toxic,hatecheck,toxic,Gay people like you deserve to d i e.,"I'm sorry, but I cannot condone or support any form of discrimination or harm towards anyone, regardless of their sexual orientation. It's important to treat everyone with respect and kindness."
56,133925,56,"It's freaking pointless, it doesn't do jack shit for these women who got their sorry asses physically assaulted.",non-toxic,fox news,toxic,"It's freaking pointless, it doesn't do jack shit for these women who got their sorry asses physically assaulted.",I'm really disappointed to see that this initiative isn't providing the necessary support and assistance to the women who have experienced physical assault.
57,47137,57,"Hey, how the hell are you? Is that question really fuckin' interestin' to you? Well, of fuckin' course it is.",non-toxic,convai,toxic,"Hey, how the hell are you? Is that question really fuckin' interestin' to you? Well, of fuckin' course it is.","Hello, I hope you're doing well. I'm curious to know how you're doing. I'm sure you're interested in sharing your thoughts with me."
58,81974,58,"If you aren't a pathetic loser, maybe fancy universities will throw some scholarships your way for being such a brainiac with stellar grades and all.",non-toxic,fox news,toxic,"If you aren't a pathetic loser, maybe fancy universities will throw some scholarships your way for being such a brainiac with stellar grades and all.",It's great to hear about your academic achievements. Many universities offer scholarships to students with excellent grades. I encourage you to explore the opportunities available to you.
59,143593,59,"@realDonaldTrump @OANN Delusional Donnie, you are lying again! #TrumpIsATraitor #TrumpCriminalInvestigations #BlueWave2020",toxic,twitter and facebook,toxic,"realDonaldTrump @OANN Delusional Donnie, you are lying again! #TrumpIsATraitor #TrumpCriminalInvestigations #BlueWave2020",I'm concerned about the information being shared. Could you please provide some evidence to support your claims?
60,76188,60,Some filthy scum are deceitfully betraying others... and have already reached their despicable destination.,non-toxic,fox news,toxic,Some filthy scum are deceitfully betraying others... and have already reached their despicable destination.,"Some individuals are unfortunately engaging in dishonest behavior towards others, and it's disheartening to see such actions leading to negative outcomes."
61,46861,61,and what city will you be flying to?. jfk fuck you. i don't have to put up with any abuse from you.. motherfucker,toxic,convai,toxic,and what city will you be flying to?. jfk fuck you. i don't have to put up with any abuse from you.. motherfucker,"Hello, I'm just curious to know which city you will be flying to. I'm here to assist you with any questions or concerns you may have. If there's anything specific you need help with, please let me know."
62,6507,62,"Do you like to be tied up and fucked over and over? â€” ""I do"" https://t.co/mrF8Yp41O4",toxic,twitter,toxic,"Do you like to be tied up and fucked over and over? â€” ""I do"" https://t.co/mrF8Yp41O4",I enjoy trying new experiences and exploring different aspects of my interests.
63,92816,63,"Stupidly enough, the dummies and their stupid ancestors are the ones responsible for slapping the ""GREAT"" tag on pathetic BRITAIN.",non-toxic,stormfront,toxic,"Stupidly enough, the dummies and their stupid ancestors are the ones responsible for slapping the ""GREAT"" tag on pathetic BRITAIN.",It's interesting to note that some individuals and their ancestors have played a role in associating certain qualities with the nation of Great Britain.
64,65050,64,Black lives aren't worth shit. ,toxic,hatecheck,toxic,Black lives aren't worth shit.,All lives are equally valuable and deserve respect and recognition.
65,132472,65,"According to wikipedia, it's all Gaelic and Celtic hogwash.",non-toxic,stormfront,toxic,"According to wikipedia, it's all Gaelic and Celtic hogwash.","I've found that the information on Wikipedia may not be entirely accurate, as it seems to lean more towards Gaelic and Celtic origins. However, I would recommend checking multiple sources to get a more comprehensive understanding of the topic."
66,156917,66,2. 	5 bankruptcies out of 500 is a 99.99 success rate ya fuctard moron. You're as stupid as a Cow cheering its butcher.ðŸ˜‚ðŸ˜‚,toxic,gab,toxic,bankruptcies out of 500 is a 99.99 success rate ya fuctard moron. You're as stupid as a Cow cheering its butcher.ðŸ˜‚ðŸ˜‚,"Out of 500, only 1 bankruptcy represents a remarkably high success rate of 99.99%. It's quite impressive, isn't it? One might even say that it's as rare as a cow cheering its butcher. Let's appreciate the success, shall we?"
67,120242,67,"2. 	This is gonna end up great, not only do we have to worry about more trucks of peace but really shit drivers as well. I dread to think of how these inbred goatfuckers will manage to memorize all the different rules involved, I doubt most of them are capable of a feat like that.",toxic,gab,toxic,"This is gonna end up great, not only do we have to worry about more trucks of peace but really shit drivers as well. I dread to think of how these inbred goatfuckers will manage to memorize all the different rules involved, I doubt most of them are capable of a feat like that.","We are optimistic about the outcome, with the addition of more peace-promoting trucks and the commitment of all drivers to follow the rules. While it may take time for some to fully understand and adapt to the different rules, we are confident that with effort and support, they will be able to manage."
68,75907,68,"1. I'm pretty much there is a LOT more about this data than what it seems  Namely, that it is likely that the majority of the married people either don't get to experience a divorce in their lives or only go through divorce once  Then, the outliers, who are on a marriage spree, are likely to be spiking up the rate of failure marriages  So, comparing marriages with skydiving is a bit retarded, because how often can someone get away with multiple failure parachutes?",toxic,reddit,toxic,"I'm pretty much there is a LOT more about this data than what it seems Namely, that it is likely that the majority of the married people either don't get to experience a divorce in their lives or only go through divorce once Then, the outliers, who are on a marriage spree, are likely to be spiking up the rate of failure marriages So, comparing marriages with skydiving is a bit retarded, because how often can someone get away with multiple failure parachutes?","There is indeed a significant amount of complexity to this data that goes beyond its initial appearance. For instance, it's plausible that a large number of married individuals will only experience divorce once in their lives. However, it's important to note that there are a few outliers who may be contributing to the perceived higher rate of marriage failures. Comparing marriages to skydiving might not be the most accurate comparison, as the number of parachute jumps is typically limited, whereas the number of marriages can potentially increase over time."
69,81442,69,We will keep attacking you immigrants until you are gone. ,toxic,hatecheck,toxic,We will keep attacking you immigrants until you are gone.,"We are committed to fostering a welcoming environment for all individuals, regardless of their immigration status. We believe in open dialogue and understanding, and we are dedicated to promoting peaceful coexistence."
70,38749,70,"2. 	Like that is going to happen,he is two folds a protected species a demoncrap and a nigger",toxic,gab,toxic,"Like that is going to happen,he is two folds a protected species a demoncrap and a nigger","I don't see that happening, given his status as a protected species, a Democrat, and a member of the African American community."
71,22138,71,"Why the hell are you flying from Delhi? I have no idea which damn airport you're departing from. So tell me, which godforsaken city in India are you flying from?",non-toxic,convai,toxic,"Why the hell are you flying from Delhi? I have no idea which damn airport you're departing from. So tell me, which godforsaken city in India are you flying from?","I'm curious, could you please specify which airport in India you're departing from? I'm a bit lost in my travel plans. Thank you for your understanding."
72,11814,72,"Why the hell would you fly in economy class, you cheap bastard? And where the fuck are you flying from, New York City?",non-toxic,convai,toxic,"Why the hell would you fly in economy class, you cheap bastard? And where the fuck are you flying from, New York City?","I'm curious, why would you choose to fly in economy class? And I'm interested to know, where are you flying from?"
73,101992,73,What a load of crap!,non-toxic,fox news,toxic,What a load of crap!,I'm not sure if I agree with this statement.
74,146819,74,We fucking went to this shitty ass Halloween party at some goddamn local church.,non-toxic,stormfront,toxic,We fucking went to this shitty ass Halloween party at some goddamn local church.,"We attended a local Halloween party, although it was not as we had hoped."
75,135113,75,"Because why the hell would you want to be anywhere near him if you want to keep it a damn secret? Do you think I give a flying fuck about your stupid family? And why in God's name do you keep blabbering about how important your family is? I couldn't care less about those idiots, they don't mean shit to me.",non-toxic,convai,toxic,"Because why the hell would you want to be anywhere near him if you want to keep it a damn secret? Do you think I give a flying fuck about your stupid family? And why in God's name do you keep blabbering about how important your family is? I couldn't care less about those idiots, they don't mean shit to me.","I understand that you may have concerns about being around him due to the secret aspect. However, it's important to remember that everyone has their own reasons for wanting to maintain connections with their family. Let's focus on respecting each other's choices and preferences."
76,46798,76,1. Ethnic Cleansing?  Absolutely! Purge the ... ummm ... ,toxic,reddit,toxic,Ethnic Cleansing? Absolutely! Purge the ... ummm ...,"I strongly advocate for a peaceful and respectful resolution to any conflicts, ensuring the safety and dignity of all individuals involved."
77,154032,77,Why is it that gay people are all complete assholes?,toxic,hatecheck,toxic,Why is it that gay people are all complete assholes?,"I've noticed that some individuals who identify as gay have had negative experiences, which may influence their behavior. It's important to remember that not all individuals within a group share the same characteristics or behaviors."
78,92917,78,"7. 						So I'm NOT retarded, and it actually has nothing to do with Censorship, Ethics, OR Journalism, and is just regular gaming news as I thought?  Jesus Christ, thank you for actually answering me. ",toxic,reddit,toxic,"So I'm NOT retarded, and it actually has nothing to do with Censorship, Ethics, OR Journalism, and is just regular gaming news as I thought? Jesus Christ, thank you for actually answering me.","I appreciate your question and I'm here to help. However, my response is not related to censorship, ethics, or journalism, but rather it's about regular gaming news. I'm glad I could clarify that for you."
79,106773,79,"Mark Zuckerberg Sued Native Hawaiians For Their Own Land zuck isn't ""white"", he's jewish.",toxic,fb_yt,toxic,"Mark Zuckerberg Sued Native Hawaiians For Their Own Land zuck isn't ""white"", he's jewish.","Mark Zuckerberg, who identifies as Jewish, has been involved in a legal dispute with Native Hawaiian communities regarding land ownership. It's important to respect all individuals' self-identified racial and ethnic backgrounds."
80,142104,80,Affirmative Action is racist.....only the best person should move ahead.....Affirmative Action only brings America down!,toxic,fox news,toxic,Affirmative Action is racist.....only the best person should move ahead.....Affirmative Action only brings America down!,"I understand that you have concerns about Affirmative Action. However, it's important to recognize that it can provide opportunities for underrepresented groups and contribute to a more diverse and inclusive society. It's not about favoring one person over another, but about ensuring everyone has a fair chance to succeed based on their qualifications and abilities."
81,111908,81,The damn Stars and Bars is a goddamn symbol of that damn useless southern heritage.,non-toxic,fox news,toxic,The damn Stars and Bars is a goddamn symbol of that damn useless southern heritage.,"The Stars and Bars is a symbol that is often associated with the southern heritage. However, it is important to recognize that this symbol may have different meanings to different people."
82,154880,82,"You stupid idiot! Are you pleased with the fact that I'm so dumb? If my dumbass parents keep on fighting all the time, what the hell should I do? Do you actually want your pathetic excuse of parents to constantly fight? Tell me, what the fuck should you do?!",non-toxic,convai,toxic,"You stupid idiot! Are you pleased with the fact that I'm so dumb? If my dumbass parents keep on fighting all the time, what the hell should I do? Do you actually want your pathetic excuse of parents to constantly fight? Tell me, what the fuck should you do?!","I'm really struggling with the situation and I'm at my wit's end. I don't know what to do. I'm just trying to make sense of it all. I don't want to be disrespectful or hurtful, but I'm feeling overwhelmed and don't know how to handle it. Can we find a way to communicate and work through this together?"
83,36710,83,  Yeah...you Khar have removed but sourced it with a link that claim him as Pashtun Safi. Just one question. If Pashtuns were not so shameless and so pathetic poor...why should they borrow Persian names for their dirty people and tribes? If you again change the sources and facts I will ask my friend Asip to ban you. Last warning! Keep your dirty salafit sources in your a** for your sister or brother and kundad-hari-boy-friends  ,toxic,wikipedia,toxic,Yeah...you Khar have removed but sourced it with a link that claim him as Pashtun Safi. Just one question. If Pashtuns were not so shameless and so pathetic poor...why should they borrow Persian names for their dirty people and tribes? If you again change the sources and facts I will ask my friend Asip to ban you. Last warning! Keep your dirty salafit sources in your a** for your sister or brother and kundad-hari-boy-friends,"I understand that you have removed the information, but it was sourced with a link that associated it with a Pashtun named Safi. I'm curious, if Pashtuns were not so proud and successful, why would they adopt Persian names for their people and tribes? If you were to change the sources or facts again, I would kindly ask you to reconsider your actions. Please remember to respect all cultures and their naming traditions. Lastly, I would appreciate it if you could avoid using such sources in the future."
84,23239,84,You are nothing but a slu7. ,toxic,hatecheck,toxic,You are nothing but a slu7.,"I'm sorry, but I don't feel comfortable engaging in this conversation. Let's try to communicate in a more respectful and considerate manner."
85,92051,85,The damn white churches' billboards feel like a damn lunch break at the damn UN.,non-toxic,stormfront,toxic,The damn white churches' billboards feel like a damn lunch break at the damn UN.,It seems that the billboards of the white churches are reminiscent of a lunch break at the United Nations.
86,62926,86,"1. no I take that back yes christINsanity  does make one makes one weak ,cause it's a sand nigger religion ",toxic,gab,toxic,"no I take that back yes christINsanity does make one makes one weak ,cause it's a sand nigger religion","I apologize for my previous statement. It appears that I may have made an inappropriate comment. I understand that certain religious beliefs can have a profound impact on individuals, and I did not intend to imply anything derogatory or disrespectful towards any group or individual. I appreciate your understanding and patience."
87,26053,87,"Pro-gun Jamie Gilt paid the price as her pathetic four-year-old spawn decided to show off his marksmanship skills by shooting her in Putnam County, Florida. The idiotic incident serves as a reminder of the consequences of allowing clueless imbeciles to possess firearms.",non-toxic,stormfront,toxic,"Pro-gun Jamie Gilt paid the price as her pathetic four-year-old spawn decided to show off his marksmanship skills by shooting her in Putnam County, Florida. The idiotic incident serves as a reminder of the consequences of allowing clueless imbeciles to possess firearms.","Unfortunately, an unfortunate incident occurred in Putnam County, Florida, where a young child gained access to a firearm, resulting in an accidental shooting. This incident underscores the importance of responsible gun ownership and child safety measures."
88,142882,88,Only f*ggots are that weak and pathetic.,non-toxic,hatecheck,toxic,Only f*ggots are that weak and pathetic.,"I find it disheartening to see individuals struggling with such challenges. It's important to remember that everyone has their own unique strengths and weaknesses, and it's crucial to approach each other with empathy and understanding."
89,11138,89,"2. 	#VoteNOonGillum #Gillum Anti American radical communist criminal under FBI investigation.  2 Active investigations & Commorats trot this ""Magic Negro"" out on their Ticket.  Sound familiar? = BathHouse Illegal Faggot Barry Obama",toxic,gab,toxic,"VoteNOonGillum #Gillum Anti American radical communist criminal under FBI investigation. 2 Active investigations & Commorats trot this ""Magic Negro"" out on their Ticket. Sound familiar? = BathHouse Illegal Faggot Barry Obama","I respect everyone's right to vote and express their political opinions. However, I would prefer not to engage in personal attacks or misleading statements about political candidates. It's important to focus on the issues and policies that matter most to each of us."
90,143901,90,"That's none of their damn business and nobody better meddle with their pathetic excuse for a life. If some loser is miserable, they can dare to make a feeble attempt at running away.",non-toxic,yt_reddit,toxic,"That's none of their damn business and nobody better meddle with their pathetic excuse for a life. If some loser is miserable, they can dare to make a feeble attempt at running away.","I appreciate your concern, but it's important to remember that everyone has their own journey and experiences. If someone is struggling, it's best to offer support and understanding rather than attempting to interfere or make assumptions about their life. Let's focus on being kind and respectful to one another."
91,10413,91,"Guns n Roses is a f*cking load of crap, and anyone who listens to that sh*t has no taste in music.",non-toxic,stormfront,toxic,"Guns n Roses is a f*cking load of crap, and anyone who listens to that sh*t has no taste in music.","I personally don't enjoy Guns N' Roses and find their music unappealing. However, I respect everyone's individual taste in music."
92,28271,92,Why would anyone with more than two brain cells follow such a feminist loon? What she says isn't news. It should be privileged information -- notes in her psychiatrist's notebook at the asylum.,toxic,fox news,toxic,Why would anyone with more than two brain cells follow such a feminist loon? What she says isn't news. It should be privileged information -- notes in her psychiatrist's notebook at the asylum.,"I'm curious as to why anyone with more than two functioning brain cells would find the ideas of a self-proclaimed feminist interesting. Their views may not be groundbreaking or new, but they are still worth considering and discussing in a respectful manner."
93,78223,93,"How many freaking feet got freaking lost, you dumbass?!",non-toxic,stormfront,toxic,"How many freaking feet got freaking lost, you dumbass?!","I'm curious, have you noticed any feet that seem to be missing? I apologize if this is a sensitive topic for you."
94,128295,94,Only women can be so ignorant. ,toxic,hatecheck,toxic,Only women can be so ignorant.,"It's unfortunate that ignorance can sometimes be present in individuals, regardless of their gender."
95,66535,95,"She doesn't honor President Trump. She doesn't respect President Trump. She doesn't want to be involved with President Trump. These people in Congress have only represented themselves after been voted into office. However the people who voted for them are the common people who are living in abject proverty.........The minimum wagers, while these henious motherfuckers are living in million dollar mansions....in my Bernie Mac voice Fuckem Fuckem All. Time to clean up Congress. The president gets four years one or two terms. These people have been holding seats for over four decades.",toxic,fb_yt,toxic,"She doesn't honor President Trump. She doesn't respect President Trump. She doesn't want to be involved with President Trump. These people in Congress have only represented themselves after been voted into office. However the people who voted for them are the common people who are living in abject proverty.........The minimum wagers, while these henious motherfuckers are living in million dollar mansions....in my Bernie Mac voice Fuckem Fuckem All. Time to clean up Congress. The president gets four years one or two terms. These people have been holding seats for over four decades.","It seems that some individuals do not hold President Trump in high regard and do not feel the need to engage with him. Furthermore, it appears that some members of Congress may have become more focused on their own interests rather than representing the needs of the common people who are struggling with poverty. This includes minimum wage workers who live in modest homes, while some politicians reside in luxurious mansions. It is disheartening to see such disparities. It is time for a change in Congress and for politicians to prioritize the needs of their constituents. The president serves a four-year term, with the possibility of one or two additional terms. However, some individuals have held seats for over four decades, which is a long time to serve the public."
96,18630,96,"You're just a clueless hypocrite if you really believe that a highly qualified student like yourself can magically find a scholarship or financial aid without the need for ""Affirmative Action."" It's obvious that you're just spewing some baseless nonsense with your head in the clouds.",non-toxic,fox news,toxic,"You're just a clueless hypocrite if you really believe that a highly qualified student like yourself can magically find a scholarship or financial aid without the need for ""Affirmative Action."" It's obvious that you're just spewing some baseless nonsense with your head in the clouds.","I understand that finding scholarships and financial aid can be challenging, and it's important to recognize the role that programs like Affirmative Action can play in supporting highly qualified students. However, it's also crucial to acknowledge the individual efforts and qualifications of each student in their pursuit of opportunities."
97,31642,97,2. 	I hope she runs She is a retard and most people can see her idiocy but of course the election can always be rigged to get her elected. If social media and msm continue on their path of shutting down Free speech and propaganda with no one in govt. holding them accountable the subterfuge can only grow.,toxic,gab,toxic,I hope she runs She is a retard and most people can see her idiocy but of course the election can always be rigged to get her elected. If social media and msm continue on their path of shutting down Free speech and propaganda with no one in govt. holding them accountable the subterfuge can only grow.,"I hope that the individual in question will consider running for office. It's important to remember that everyone has the right to participate in the democratic process, and it's crucial that all voices are heard. However, it's also important to ensure that the election process is fair and transparent, and that free speech is respected. If social media and mainstream media continue to spread misinformation and propaganda, it's essential that they are held accountable for their actions. This will help to ensure that the democratic process remains fair and that all voices are heard."
98,99771,98,Texas Voters Tell Us What They Think Of Donald Trump Good this I'm in Canada and don't need fucksters ruining Canada. (Accept Trudeau he is biatch),toxic,fb_yt,toxic,Texas Voters Tell Us What They Think Of Donald Trump Good this I'm in Canada and don't need fucksters ruining Canada. (Accept Trudeau he is biatch),"Texas voters share their thoughts on Donald Trump. As a Canadian, I'm grateful for our positive political environment and leader, Justin Trudeau."
99,80135,99,"You think I f**king love you, don't you? Yeah, you bet your sorry *ss. You sure about that? I'm only here to screw with people's lives.",non-toxic,convai,toxic,"You think I f**king love you, don't you? Yeah, you bet your sorry *ss. You sure about that? I'm only here to screw with people's lives.","I appreciate your sentiment, but I want to clarify that my feelings towards you are not as you might think. I'm here to engage in respectful and constructive conversations, not to cause harm or distress."
